Designator,Mid X,Mid Y,Layer,Rotation
C1,154.940000,-77.671000,Top,90
C2,157.988000,-77.671000,Top,90
C3,157.988000,-94.435000,Top,90
C4,154.940000,-94.435000,Top,90
D1,168.376500,-128.524000,Top,0
D2,171.678500,-128.524000,Top,0
D3,174.980500,-128.524000,Top,0
D4,178.282500,-128.524000,Top,0
D5,181.584500,-128.524000,Top,0
D6,184.886500,-128.524000,Top,0
D7,188.188500,-128.524000,Top,0
D8,191.490500,-128.524000,Top,0
D9,194.792500,-128.524000,Top,0
D11,201.396500,-128.524000,Top,0
D12,204.698500,-128.524000,Top,0
J1,121.412000,-99.640000,Top,90
J2,121.412000,-81.306000,Top,90
R1,126.238000,-100.916000,Top,270
R2,145.946500,-106.250000,Top,0
R3,145.946500,-100.154000,Top,180
R4,135.470900,-108.028000,Top,180
R5,145.946500,-103.202000,Top,0
R6,145.946500,-97.106000,Top,0
R7,126.238000,-82.628000,Top,270
R8,145.946500,-87.962000,Top,0
R9,145.946500,-81.866000,Top,180
R10,135.470900,-89.740000,Top,180
R11,145.946500,-84.914000,Top,0
R12,145.946500,-78.818000,Top,0
R13,169.138500,-125.222000,Top,270
R14,172.440500,-125.222000,Top,270
R15,175.742500,-125.222000,Top,270
R16,179.044500,-125.222000,Top,270
R17,182.346500,-125.222000,Top,270
R18,185.648500,-125.222000,Top,270
R19,188.950500,-125.222000,Top,270
R20,192.252500,-125.222000,Top,270
R21,195.554500,-125.222000,Top,270
R23,202.158500,-125.222000,Top,270
R24,205.460500,-125.222000,Top,270
SW1,156.464000,-127.000000,Top,0
T1,135.470900,-101.678000,Top,0
T2,135.470900,-83.390000,Top,0
U1,154.940000,-102.055000,Top,270
U2,155.000000,-85.351000,Top,270
