Comment,Designator,Footprint,LCSC Part #
100nF X7R 50V 0603,"C1,C4",C_0603_1608Metric_Pad1.08x0.95mm_HandSolder,C14663
10nF X7R 50V 0603,"C2,C3",C_0603_1608Metric_Pad1.08x0.95mm_HandSolder,C57112
LED yellow 0603,"D1,D2,D3,D4,D5,D6,D7,D8,D9",LED_0603_1608Metric,C89811
LED red 0603,"D11,D12",LED_0603_1608Metric,C2286
BNC jack right angle,"J1,J2",BNC_Amphenol_B6252HB-NPP3G-50_Horizontal,C22457552
120R 1% 0603,"R1,R7",R_0603_1608Metric_Pad0.98x0.95mm_HandSolder,C22787
560R 1% 0603,"R13,R14,R15,R16,R17,R18,R19,R20,R21,R23,R24",R_0603_1608Metric_Pad0.98x0.95mm_HandSolder,C23204
150R 1% 0603,"R2,R3,R8,R9",R_0603_1608Metric_Pad0.98x0.95mm_HandSolder,C22808
510R 1% 0603,"R4,R10",R_0603_1608Metric_Pad0.98x0.95mm_HandSolder,C23193
33R 1% 0603,"R5,R6,R11,R12",R_0603_1608Metric_Pad0.98x0.95mm_HandSolder,C23140
Tact switch 6x6x9.5mm SMD,SW1,SW_Push_1P1T_NO_6x6mm_H9.5mm,C455119
Pulse transformer 1:1:1 786J,"T1,T2",Murata_786J,C7040198
Quad RS-422 receiver SOIC-16,U1,SOIC-16_3.9x9.9mm_P1.27mm,C140249
Quad RS-422 driver SOIC-16,U2,SOIC-16_3.9x9.9mm_P1.27mm,C1543778
